"","V1","V2","V3","V4","V5","V6","V7","V8","V9","V10","V11","V12","V13","V14","V15","V16","V17","V18","V19","V20","V21","V22","V23","V24","V25","V26","V27","V28","V29","V30","V31","V32","V33","V34","V35","V36","V37","V38","V39","V40","V41","V42","V43","V44","V45","V46","V47","V48","V49","V50","V51","V52","V53","V54","V55","V56","V57","V58","V59","V60","V61","V62","V63","V64","V65","V66","V67","V68","V69","V70","V71","V72","V73","V74","V75","V76","V77","V78","V79","V80","V81","V82","V83","V84","V85","V86","V87","V88","V89","V90","V91","V92","V93","V94","V95","V96","V97","V98","V99","V100"
"1",5.59596724080283,6.00308634517329,4.36376031498689,7.91131951998891,4.57184881402177,3.77559108778453,4.08042115092955,5.68040221384729,2.76985634209596,7.62746221591906,7.47748865423546,5.84336757914389,3.74191170862112,2.75079362398145,5.4594660468493,2.74177294866868,5.9324008646126,3.90387531220116,5.85792472663743,1.71337953705566,5.93710476831957,3.33729962914708,1.79532876044949,4.65285157606291,7.29687651530478,5.51974910449316,3.30551153890435,3.13910770528801,5.67748632468679,7.24692489250964,7.45289240241388,3.38585699420667,9.12210894658844,3.27532254812452,5.94545598521788,7.01375439148932,1.21530218048215,7.03358389329147,5.93753438182171,7.95998066966429,4.26223940920177,8.04944327545165,2.98596918323555,4.96170901271108,2.52515715399048,9.68276044614727,3.09129375378364,3.18141235081612,6.15900305522279,7.92060597873783,2.29300188372875,7.5851810356926,6.20011143460904,9.67326775913738,0.967844761046647,6.49081820598176,0.723047230539852,2.69622678875764,4.77645347642885,2.14184947776054,5.47907593694589,3.57785071288933,1.38733286630753,3.34004316243033,2.77240062139234,7.6945671517066,4.398829156691,4.91020174393626,3.80920533523623,5.15271574761093,6.48152261813509,1.15710202698681,5.76880804591936,4.56970643365876,7.95723624403121,4.74593425892785,6.28168908701199,4.64001252157875,7.28905853428921,1.4250991670921,7.90934463016158,8.47800028020498,4.50380286289183,3.4550469129261,3.46416150350562,6.78513841277591,4.78783230877616,6.2655821613271,3.9891322839877,2.52757621487051,4.71667773735489,5.16368444462632,6.23016688564526,3.47794173339177,3.54737743064828,7.49477008683249,1.5383754252089,6.03574876670222,5.96444084411718,6.9495205504897
"2",2.96089560556323,4.18974124799166,4.36901949079977,6.33292101891876,-0.443632329198949,5.05252731545284,6.23585220498995,6.07404543604854,4.77156325568583,8.46995472542931,5.46379241258462,4.1298889328993,0.451311087005946,4.50740900149602,7.18495731469731,4.45382097674721,6.9093328122099,4.8911702971264,2.72941901201005,4.27575430706461,2.39883692944098,2.88077661398526,5.86086180706227,4.14868496428334,8.96080243272129,5.24261999259204,5.14085855070077,1.61723355057204,4.46616682637213,5.47572530684751,5.62721377587005,0.282807315582829,3.93047013173319,5.68908174473483,6.04996080102119,3.17398479225118,7.58560840435492,6.85500064653735,7.46592022119305,1.95800393292727,4.54457298296555,5.80919930503378,2.66095426277345,2.40253059873747,5.99418915922565,3.73550446269147,2.18370090185798,1.57892892417995,5.50750053941786,6.28511641576628,5.68170848123805,4.7423756390017,2.07652770668369,6.506763257005,3.96389003025729,3.95031499902154,3.19841635024018,5.78503707336223,4.46941662387581,1.26477271387612,8.46792054573617,5.49458356688315,2.86115369826268,3.91567958517731,5.87737967753989,6.23416115447342,5.11708802001009,5.40338966819183,4.22141738560292,4.9157199436542,6.71280516908594,8.33344672569086,4.16732016876095,5.81709356809117,1.89754657656629,6.08302549342714,1.79724445500963,6.3152639829722,2.47783817563904,4.75444406286564,2.44886824906353,5.18612430937895,4.96811138369547,8.45136454986715,5.93115417710183,3.00991325017408,5.20998885304325,5.98080284864537,3.51856341217101,4.54185682539029,1.54342780918811,8.37792500730702,6.65358975847323,7.6891145295364,2.63448774740868,3.96053731082571,4.00320077772078,4.02665233994836,4.20203988649921,4.22092534528941
"3",10.7417948471445,4.64522881955279,6.76864464703581,4.25998549092878,2.97147636698963,4.49379374583041,3.55915528999599,6.916806416826,3.21075725566806,5.85687538290796,4.37112423820248,5.41121515726097,5.66987430994299,6.60465816415529,5.00576068384493,2.49294005779288,3.10558729942175,3.05034656813941,2.44115466828293,6.658491574933,4.49466573872044,2.20728286486505,6.99148565693885,11.3309610478221,4.57953916757424,7.02500469215442,8.16238981524088,2.83671344110229,5.29627030780176,5.45268272848111,6.54054797570244,2.02238614246285,6.79910977616824,4.14842564327363,4.80480976458364,3.23587119528595,3.76349138174177,4.96838151639674,1.91668401429968,4.16889412654879,5.2711807353188,6.30816043336113,7.68552918621909,8.07903969766483,7.3052074415804,7.96381923520396,6.08356825144763,6.31351631298528,5.53619042803177,7.13632782370341,5.41749370756226,8.25045890459185,5.13661936127489,5.13643178656745,7.7244384606938,2.48307075632329,5.29983015307998,2.67165753057467,6.08610543220096,7.77842166853448,6.4596533423274,5.55527015152658,3.95441109823592,5.46471963384513,3.03722554066484,3.545465347694,6.00269214508376,4.56327886550262,6.90857076111401,1.96132125771606,6.06662950569421,4.94093858328044,5.76481011111818,2.44709833414718,4.8288251577686,0.809010073124561,3.44436921841099,3.99147247045016,7.53110154755005,6.26766595713466,5.9573597211931,6.61821850396563,4.38625211281934,1.09582000385466,0.961777042115125,8.28070476968314,9.03536745461679,5.5451148084381,4.73926548733171,3.42847390661389,2.1875543778065,7.29667660330874,4.15265586868552,4.48824698764673,6.14179071693093,5.38326744487231,4.29184610144632,7.54667345094581,3.46028772708537,7.00046087220066
"4",5.43742002280911,4.36091086197174,1.22915738864623,8.09650247935041,3.34170985242434,3.04243987795685,3.83297611393234,7.84355961627977,3.69182218989685,2.90232832661564,7.99940740841841,1.86283531321099,4.57262398698723,3.52766547600073,4.73485524888151,8.3686079864478,5.07712618040571,1.97542852623902,5.19468106451636,3.92241894860888,6.9313839694883,8.64876610178719,5.36717302220924,1.1825574024973,2.76987697771634,4.25714903611207,5.04119597226609,7.06832401133448,7.51318276951384,6.48672036979668,5.6892577556849,6.41240793599631,8.20993596517927,7.78561992042055,3.56966502647744,2.08437036591168,7.08187663583943,9.26423594161458,8.97898382768655,2.14926989469161,3.65169454034962,5.48586827865613,8.7444303118963,1.89000970382787,4.44686928065067,0.756613387592118,2.51352175873631,7.52973920427351,3.89195745351704,3.64616751357173,7.64758023970734,6.64426808499221,9.65632227638,6.73576388524713,7.22694520405288,3.53458616376217,7.25282551297845,6.31692226718733,7.2897570770524,7.00387556388453,3.9073078293691,6.71382539516526,6.69421330332857,6.97338064917047,3.56535484718017,8.13756917633884,4.78004540933835,1.71760176560317,5.35588177214597,5.88810040061781,5.91731169293081,3.27775150339932,7.96382886049386,4.42876289340953,6.73807591497279,4.73281803711096,1.70521502276482,5.72079609611322,3.86483675058908,9.30954436882755,5.41628541084829,2.62431694938542,8.47896346131281,4.91079945541966,7.32701849940905,5.08486010239465,6.63436057210223,6.92139616997887,4.22136620900823,6.5435883449416,7.41381347084826,4.71198518882276,3.32634134169037,3.62391738232991,4.05787058256331,2.71551990783255,5.66903056611608,8.11972647722801,4.45352947541687,3.5275719980122
"5",3.06689134059775,6.6869007846082,6.46435865645625,9.65852803882202,6.71541779541328,8.16335785832375,5.43264900777662,4.66747790572231,7.35743256307564,8.00058214085636,5.13914873859639,4.96436159347233,4.93691519686333,6.192814563525,4.86421762414236,5.11862205474089,3.33823538848718,2.20835702439649,3.74121781534363,4.04475158028091,4.57781094495039,6.06971944878601,2.20999721147765,5.74356849586583,5.66115824210412,5.85230778463109,4.75325897010671,3.56634502456656,3.70743602712928,5.37306696923077,7.00324377226148,1.8757765466681,1.37865100237418,6.92837561912885,2.08387226092858,2.98702725005721,7.35175898004003,0.683236871471889,5.48996143940576,5.87131095723387,2.203912706944,2.40842902869242,8.88986967123543,4.24575608821379,2.3439235561098,4.39015301777876,0.928741276701258,9.53304337234845,2.41977772152315,8.1070335901346,1.43289098043648,6.17773744443114,6.81273284207679,5.50025846287882,3.94018984455417,9.10363054596174,7.49873258035136,1.92842948960865,5.1131354123884,2.37878166887599,5.82528344501941,3.31075952579964,5.48970101667916,3.23469947772738,4.98049041755197,2.03694186225877,2.38071314353246,2.7924767253234,2.07136868077313,1.30089740376124,5.90436747862176,7.82202173879048,3.70562851279133,4.7275760114888,4.34807604370008,5.27764531291996,5.30853247774556,0.246953906891766,6.39778288205013,6.03506932896604,6.40508419873197,3.92828057997409,4.46856443615596,7.25577932790136,3.587811513525,5.45726154450902,6.71575692058924,7.13261601318079,5.87889820668522,4.53756601327227,5.50011589817666,6.17310229309777,5.50986615376365,4.58019153911174,5.63069566764901,8.91424820866951,3.99722688579215,5.31985623535206,6.20680285296526,3.93978069706919
"6",5.76767636324474,5.96731329849789,6.58108932791237,7.79884914284796,4.52297974174887,4.46191632190358,7.48998248078591,6.57648603600759,6.90303302145957,5.24715114585619,7.66806744000005,5.20709545728886,3.60783291092392,4.16545334677742,5.61176908214416,6.14893730958534,6.11434350932769,3.48029686740601,7.90945781749427,3.61267915340411,2.21581412286452,3.67324024216285,7.47166709747254,4.11164925876851,2.04343259764999,3.3265622663442,2.48524220006529,5.19694302799739,5.36094484608414,7.78484036250893,3.2684564450412,3.72585233630189,1.31438455709796,6.14753330089855,3.36117744671934,0.624554245034407,1.99633575574,2.48016230169728,6.58271385717672,7.76456907969798,5.30988197567756,1.43149003475655,4.24293661530498,7.82950751066954,5.09448721967008,8.11816281282377,5.04939947088288,3.37599768219385,2.45821425605276,4.45450692727275,3.37135379059496,3.45877825261148,3.92367180767969,5.68354106571834,4.71485242197033,3.29532878867161,2.66822716475402,7.85485305237473,3.31840098294287,8.21845247042896,5.76258589698655,8.0774006504829,5.65540064775761,6.12905206299558,6.23782756476043,4.6179201859691,3.94405552036375,4.91933468131464,4.58531456161316,6.40736766696801,5.06669185823152,3.46317150326817,6.3035497655453,5.06214613577955,2.63394351439539,3.34291052025596,2.64873747948612,7.87630458192209,6.29259055361893,1.3022020521133,0.515199887148712,8.17544237101349,4.54320050587771,3.59819551396464,2.69938484240603,4.45750069500193,6.56666558097448,2.87024747428774,4.98404051285321,5.32149778295845,6.24756895818808,5.74383895756948,2.469857052273,2.86505105319872,3.21972566302431,3.39815007679971,2.85872487760213,6.42759221309738,1.96506667378885,4.82450025419088
"7",4.75620785736336,4.39265970462376,5.38970632780328,3.11750835903894,3.59350830656612,3.98896401278446,3.46419603139228,3.74748666473881,5.21582069457343,4.27977770667613,5.36446994406083,3.33043571919673,6.93684200596199,9.30113159609061,6.23038665719392,4.72806994501802,4.77579458244024,4.47056634966802,6.81117915912785,8.40721324823272,8.9565203772124,1.57853812327434,3.19575512280855,-0.0817390479742945,8.73270313221302,5.86131797903872,9.73981349235764,5.68707309446258,5.46378580344244,4.77078107238264,4.23018229547147,5.09538807307414,8.48689887244338,7.09259042461337,5.13778097980125,2.99922112371095,2.34636687537433,8.1542997439378,4.79124717562079,3.13552333869859,5.32479923223845,4.68886846460106,6.80213059671422,5.78683358646759,2.54677033139518,5.81438670268589,4.04181471713812,6.72993312849138,2.41124565051237,4.10743220048706,7.04009984327829,4.94395185612089,6.50164666401598,5.96550092654289,4.31315134356947,4.50428991102094,8.08703881355891,2.40729504711382,8.64594521099465,2.04409512931265,5.63039796703776,5.57405506278223,4.71340810277432,7.52273520491259,4.21511429879989,7.72840326307686,6.73231265624482,5.19090586855022,2.86614551423331,8.41290302411571,4.71804115278484,6.00455126325843,6.32882678187795,4.18938984161021,6.81254187758343,4.27857048522032,2.79574386472602,4.98733631340646,5.62037346677169,8.9664875428773,0.866003695091983,5.73721969743791,4.54245464929405,1.43169368487343,3.6390205959853,1.20928345368435,8.95795446841871,2.43063454257894,4.26550551776543,4.29195898852684,6.37531179502463,7.38002769778313,4.22368872825656,5.57015752149241,1.41850138769395,3.09675974498532,3.93649098169434,4.21152734539208,5.01165334482078,5.07163948225916
"8",4.29890485559954,4.42980780721949,6.8423559854611,6.66660169579422,0.0956071290990099,9.15452430449371,7.42612625805128,9.0189071922031,8.17157477952251,2.79473934369194,4.80784742374529,2.6108161798655,9.79269724382352,4.07311093030286,5.1024129606044,6.28720005326123,3.08472462411129,3.29852302217127,3.75160890265075,4.20560182361561,3.7926276802688,3.60433912284956,4.23373305102186,2.3698525364628,2.47697729042335,4.5970280507283,5.9523085622978,7.88423493005353,3.58002745450022,6.37511092125016,2.63063560284614,7.7336538668813,6.0930920015536,7.73267677363556,2.11118291557291,5.88446762692048,6.77034535160209,5.9147913280563,7.79804626684819,2.55598990305942,7.41352212370504,2.70571450608751,3.0467130088535,6.87300365019173,8.10978952260656,4.8767017560227,5.80101872031489,3.54583939100042,4.30910083087105,5.29199605500087,8.027858034748,3.94792298736275,3.87774132696381,4.87409546893003,7.18595854936962,3.86048170710731,3.96048260269921,3.17237686533897,3.93974429358547,7.75832180565324,5.31309984217714,2.48872951217389,2.06394763836931,4.2394025608183,4.66292767966722,4.09588306806262,8.64083714025492,3.39726140694573,6.08546675442314,2.15551656974827,3.06382117331459,6.06522441589557,3.90441428371249,0.972486225837103,4.59923351938758,7.81977382630532,5.77689015686639,6.05043455253907,8.80540817716119,3.37532930369023,9.15378503948189,6.32726277834772,5.5468267907897,10.1718263465283,4.39248778003909,4.21267560192739,6.26175671580798,6.04876752943453,9.53674821082986,5.50076273464088,7.18596297687163,4.30959044379277,7.25162166002898,6.67127620339166,1.44715001033674,7.0699283559857,6.40657733328703,6.45723786753427,7.04685462258473,6.48932738325396
"9",6.19892724226133,6.96087335492193,7.48291241504683,6.46977318500915,7.29599998450725,6.33985110881751,2.71133348690102,7.96250707707894,6.65220140477322,2.82797557453733,3.29893512189244,3.55561490757451,7.95224143642352,2.29527595120923,3.10978533784986,2.84783904417044,4.06385347795468,5.43828678113689,5.57952932912436,2.78883357450872,3.24212200858691,5.97450090688739,7.31180214427031,4.56317614705379,4.71190764836932,2.82169004445739,4.76839817503211,5.19026213123193,7.46342568884381,5.59731003598424,9.14078345829604,4.8564053603503,2.92434321530093,4.31874363323082,6.23742902369226,4.20221487887498,7.00196485420835,3.83254222444446,6.67505319280982,5.65289036402823,7.92527908576323,3.89424734460909,3.7721394951305,2.65155083097866,6.0052495037058,2.14290897607198,5.37111108907393,2.73436982500557,3.54771125478942,3.98255540508227,6.25179041714337,5.17252569520622,2.85422333338811,5.18014608801073,4.63811594333263,4.34454951871599,6.73354743647267,6.60289927222104,2.78407891938173,8.38063830508493,5.50649717581235,6.28772930489104,2.50000222714829,5.72073820577127,5.3362797413529,4.20076900261529,7.14883556155511,6.60176662544115,7.22223395697696,4.48179781558408,5.97802585865459,4.56170660325045,2.10187501469853,2.91724191960972,3.08059057053071,4.79896373698498,1.56706366222439,5.70742234026274,5.42614434010803,5.19030630222074,5.2014880050831,6.73294111970252,0.793258726368179,7.21308071448867,4.78819254160052,6.82510046127744,6.59220827635938,5.46333227380417,3.99934669419281,7.25660784965595,6.06658306933393,6.85033735401514,5.92546467681327,4.48475441388939,4.90501465906573,4.0067153684274,8.593036166775,5.03057674218207,4.9615495741155,5.97928066578566
"10",5.46254815513137,4.65736106208037,3.63765839577592,5.2464363426756,5.00413404395933,5.40816904601682,7.94035409934438,5.32949776004224,3.1891464079526,3.03941158382432,5.53894422328752,5.0060264165469,4.06562166586464,6.38388064498043,3.85341439523644,4.84861426088677,7.0895134365176,3.20303683072016,7.64441608022751,6.21191317072759,5.74157075207313,2.85131175851658,6.0660806691405,5.23532178819719,4.86993162248498,4.73334327031395,5.73374954508223,5.44504921417595,5.87075742885311,2.8872248053927,4.38320443641001,8.22575938810258,7.99956563375823,9.60368231243978,4.81466483074335,4.71978586722417,5.68929381399996,2.7150127642523,5.86781774367074,2.94798960486565,4.81545052987193,5.03518062767274,5.5521537635981,6.02966282111789,6.09024709195946,5.65148965680006,7.89540266152272,6.99649082144309,2.26741717307862,4.40318373523256,2.50860120742775,0.225947935350882,5.98217326643445,2.07691602646874,5.00813367721496,6.71662020418647,6.26353093663369,2.32765795789897,2.61130792003239,5.69391157327833,4.08302335608023,2.87016030617949,4.99366428166599,6.17003333167618,7.68038941483168,2.47621871763845,4.74945183830775,5.05030643185296,6.3896652882953,5.72188589697158,7.13577693164233,4.89182463345358,5.18547270316622,6.34235763644208,7.20152998622094,5.77359939474614,4.41987763346837,3.61658412779116,4.39645750167279,7.1743984101614,3.89732145552267,5.70026050540744,5.36912449673288,7.15892675039425,5.98460003210316,2.50338500618357,6.75993314724307,2.3064481265184,4.34729566905401,7.80000143689102,6.9121623070867,2.11099572302968,2.51979439759397,2.98651001137908,8.83111875582058,5.56154741356004,5.29725463536331,4.41879628585273,5.60195140047326,3.77472340528053
"11",7.05249239362902,7.68602628311418,6.03066092739715,8.11072715548722,5.12186718739777,4.92569371197817,1.99515098503846,6.48470678820835,4.23720802542419,3.22977866318805,0.482001996473207,4.31854214565622,3.82110929212975,6.76725575816644,9.34969223460576,4.16515933043037,5.00661179049135,1.68347174869,3.00671408929108,8.00745346379539,4.16444074016452,5.99330288788297,2.64898272319872,2.58963485822446,4.690708538467,3.27053275301059,3.69379332716143,4.00006056585254,1.23921040328042,3.93943007556645,8.18148307000336,7.34516520263539,4.32028267738254,5.06810794595209,4.44159419108221,0.525221925123297,5.88692554552758,5.84610008188232,6.3425434352148,5.56404144462172,6.11177663905478,8.35814930236689,3.855538930665,3.44478006722196,6.76954134679198,3.95861858582903,6.56563207940913,6.15994803843482,5.21887031645761,8.31943751274668,6.63306516057399,4.22587138810767,5.21368198285076,5.59412096294408,5.65659011632908,6.35452481259946,5.00499135598446,5.25869376347913,5.67308072948417,4.9904479165439,5.21809317121564,3.52002009536166,1.58510888300116,-0.0773632145981056,8.51196598681463,3.76597435805131,3.80143666555352,3.66951874972332,1.41800614752283,4.36812021573054,2.29241032231343,9.58990102839922,3.76771058567392,6.47904662580123,1.12379156946828,1.35862492261921,5.813871428711,6.93418092490292,3.31031966555218,5.1242329506246,3.42774181242643,6.75746133430056,4.32884017015764,1.65130526406941,5.47030997269055,7.81832215259856,6.78219462733736,6.65227057458167,2.77848597376596,3.77349373352047,5.0223752302092,2.85974752285884,5.56781997156219,2.00254092162936,4.94249579140749,7.81961792828113,5.72709120276153,4.54704157281952,6.68496656397783,6.61043663917831
"12",3.95110229992059,4.8032831298036,4.06357782987781,7.84651616986305,2.78992343298622,5.23201397370831,5.28355908158316,3.47106398379475,2.5660381474865,8.94401929997928,7.35764097731957,5.68398347997329,3.02495585609782,4.21685445473312,5.40412664534391,3.90080203973089,7.15329071485322,4.72317237235943,3.43934882995627,7.0311205473663,5.11613713417358,6.81716953589743,8.04104554431705,5.63627836293801,7.11988092740705,7.7489606579724,2.44711462472843,6.17632460845464,7.16716146358628,6.29191505927801,2.51943327279265,6.2703229164588,5.63106214874138,8.48865504570144,3.0529322547173,3.71764339223759,4.27655522893693,4.49833330293853,5.03018363349842,5.86498854343607,5.66851178478082,7.02053012995463,8.01881202492763,8.34118634244646,5.00395867082737,6.21925867746719,5.18256289126998,4.19219925462203,5.72130355031974,3.93503154332791,6.62068214049939,6.155004879021,4.43105006659959,2.14212346146457,3.20252204239095,3.61203842955582,7.45783110897363,4.68221018675102,4.25522122122684,5.45853911828068,4.4526524643006,2.04275357365368,2.49026305280075,5.80126813187406,2.46142909173565,11.6055328630517,7.50165041059638,3.66354311524022,2.04833927191501,2.35853495663883,7.00211337101792,6.48708001949301,7.47969079331842,7.38934521248451,4.50274115480883,3.86443636795003,2.43741411376635,6.16529843673019,4.49769259264609,7.53257826136848,1.95712610845264,5.16013193367337,8.26003446102258,5.87000232687208,5.00082894929413,5.98641018703194,3.74393969758703,10.5244750882238,5.37972992982291,2.65935184502036,6.168864115951,7.96868598219339,6.5220011448199,3.5516214586109,3.97903081438369,0.552790023827401,4.29339569647709,1.24062533067675,6.08207020344195,3.3114304232456
"13",8.59241248429301,4.35600904041227,3.99588535593054,4.28248567446083,5.40136848648201,4.48797645650712,1.887203745051,7.92290251735721,6.03773650486996,8.4435031713837,6.80418184681509,4.25354041734179,5.32141448761239,6.70380306180583,7.51097882763033,5.52780185279562,6.11628699747807,7.51340699043855,4.75152087032419,7.54569509641874,4.73839360575636,3.9607577752771,3.95003591102408,7.64768793731201,3.79722736653012,4.08579651905538,4.15490490957772,6.16243034577349,4.00185469239921,7.08946252816586,2.21349401214598,4.33005303517792,12.0797617303607,4.98420631833645,4.56329541684756,6.18360541057856,2.72951887262343,3.60732178388084,3.33764516551167,5.83840612572541,4.51634315090347,7.98811163764852,4.74600019385081,1.32247873673682,7.38824986064437,6.83592089624074,7.54325970590979,6.65428556687624,5.06345817986808,6.21398433396151,4.80217002191701,4.71853077963328,4.93093732723653,2.63631419282389,2.74925533795087,3.12430152828751,6.51934800028081,3.12364350200619,6.7455205170271,7.11313833922345,6.92524044413118,4.68139502211737,1.54314197636052,5.25777612969804,5.01785057774278,5.58638344400668,4.86422144162449,7.16031869713187,1.53099077346377,2.87943084392093,3.06317247865529,6.94553354180859,5.38125060978592,4.27973319132383,4.50315127130688,5.46744743180459,1.54353086129532,3.6385248620329,3.86370083192778,3.91436355759962,9.92735043697835,4.72455460852011,0.951444950886052,3.08324790849813,4.11846709770731,5.62000265486325,3.33868452454365,2.52242985678728,2.79217849050373,5.64448016589072,3.73349828625053,5.60853964047832,5.9096313332146,6.82833483706273,7.90833154951436,4.41793364001685,10.6859138305111,4.62256974164313,5.95153072111354,3.71945917971992
"14",2.13160718849651,1.17053099776375,1.05201625071552,4.00451355593915,2.5388446306033,3.65080752041311,9.35283903673595,2.29180722322854,6.08333815842289,3.07822622010879,6.25344932452915,4.96865964538744,1.60875850073625,8.03277215798166,7.13215955345639,3.31959646784008,6.38393516461623,3.92008721548421,3.42176635775367,2.75580680988261,6.53530994666432,9.01160902766241,3.8038421514919,5.49191604692895,6.32925560976733,4.68607489777113,6.93343321849437,6.25868624810913,8.70151370901898,1.69404043023235,2.69816653678358,5.11311593224683,5.7402162991559,6.76674184659969,4.52459476837716,9.03111531153218,1.26259837512643,4.36981623174936,5.9392663965427,5.74289885484565,6.50997948741162,3.44307683323128,7.07474076551505,6.08236597055169,6.65505160012616,6.29629232454726,4.02273770245172,4.23104177646284,5.32514342415351,4.64812345957378,2.91629585948355,4.47803801443441,3.37735737052886,2.21065874471025,6.49494977547345,2.63695082128064,3.6022816314273,7.11354974016988,5.54326366154328,7.34317611602191,4.28391944413448,2.16133082702302,5.56335037176176,5.84479528784677,4.29097538239332,6.46516053486411,5.99475168111507,4.45441986519746,6.57888955024807,5.90532515644041,4.28041272996494,3.18766206376897,1.78102920822277,3.92932346889108,4.34973018483336,4.50858470347968,3.62344930759254,3.13808100715837,5.40028284448135,7.51252375310581,5.46023461132513,5.66097423492314,4.32246267816649,4.54130922462681,5.59781680128915,4.2465469799933,7.77779684759645,4.16479713124158,6.42584408613759,6.11367299787889,7.40626952122414,4.97139561991265,3.33062105350101,6.32780445460072,5.93607847412487,5.39226005786953,6.60585373726162,4.98063035117732,5.45979338821991,5.25206437465978
"15",5.27737234092507,3.70591721369508,3.86110821111803,1.23002392846512,4.74694519729529,6.88405415813713,5.59036960397882,2.56428904915686,5.26019462820975,7.31407756324224,5.50190193868431,10.208494638906,4.69131281353431,3.0574437333273,7.06331870026586,3.04286038918551,6.31554813088001,4.01444226946515,2.17872959098028,4.08804248746367,5.07481764613506,6.81468260947856,5.27712151476465,4.95926096221921,4.99662350398363,4.65618403907014,5.09546944656022,6.62323792625676,8.30790571478181,7.79720457823804,4.55215205996612,6.57059503695973,8.33577589459504,5.37863595769252,5.73022109054259,7.24812256544924,3.24080767950314,6.44240206331099,5.28059238903272,6.10497809148835,5.67983971301898,7.45719465704173,3.5080834975731,5.17263130326288,6.41778772662835,8.18903616988154,8.04370098309223,3.79377125532741,5.99594792307236,7.17566201714163,7.33259987395491,1.65302266329556,4.54765888615386,7.43817138606878,8.58701814454174,3.22468451416016,4.29188124984718,3.94163333445794,5.8120565201996,5.3021917175703,7.87561329971267,4.98825810529389,2.18307066969181,5.18952977050323,4.12858639309829,4.79848913075365,4.40873544795701,5.52015461261034,5.20424384952889,6.74059921996163,5.40196971270964,3.39859957466722,4.53696420292216,5.71410806787341,3.19062251798392,2.76161590907001,6.35659073862319,7.82702502872101,8.03277616161034,3.72205627987436,2.21262428620579,5.33916819990654,5.69370535782794,8.82729549730479,6.20237023246497,5.76158427901081,6.3573010356192,4.71560266730489,5.56336719908645,5.96240565300089,3.95380753009803,5.29319060281451,7.78225282467675,3.94056245848594,4.90374220260216,3.64149448014509,0.75611393930878,2.36022059830602,2.57725333788897,4.36472925317178
"16",5.90292745409108,2.20112630626299,5.95066110575251,2.72074743228809,2.37434774444609,5.98607284502377,5.88905503959332,7.87703880534679,4.50115794591545,3.8111011748122,6.10529781492398,6.34471023959104,3.87151174833127,8.25064681015928,11.0176335748483,3.31485108667169,4.34592497654794,7.09998329304854,4.79232939449224,7.2220096123505,3.80131458352532,2.2013241970245,5.66308766973452,-0.407331501259321,5.75491537783381,3.45790520907764,3.78012805442029,7.9272201371136,2.88476341107383,3.35797241589286,2.50870555297501,4.1309633909995,2.28947944784339,7.87418598100816,1.38151297064475,1.85265397337526,6.20343042052515,8.07532854040378,5.40814421606774,3.47043441324696,4.04441062449238,7.89016979004332,6.08530786186854,5.73747534274365,6.73727070040716,4.35299429873561,5.93776295095853,6.8558125275084,4.4665843802324,5.98884407881418,6.33906432329054,4.59029101798947,1.82924737762196,5.59256581510911,5.69054638852184,6.68165221342551,2.76222946893605,5.69846596588083,4.61467726606159,5.64982899306271,4.90336261167918,2.22407094811435,3.73305702289583,2.9949001204928,7.99451966943956,5.98027861384847,5.43344778979811,4.59691926920101,4.9835671214911,5.62915103105103,4.10451196074476,6.65304702799098,1.30723137463922,4.35724057644345,5.86022272428286,5.92167736750627,6.77797694698114,4.38762896623959,5.02109403977106,2.95290107245307,5.52734134760434,6.37696577866425,6.00093567224202,7.78875841760044,3.26585042230611,3.72700026724435,8.59136196636296,8.62872619871249,7.2498922882496,3.48927772723296,3.84782515467242,9.27252994903747,2.16312891356479,5.41708509068382,7.07418513805697,4.54251031391561,6.99741121677522,5.58447729570528,4.95576544595386,3.2768299272042
"17",7.42954824920068,8.86234853862761,7.43443537755542,4.08654196422838,7.21532991041637,5.88763410699467,8.63639811179799,10.3780093996572,6.91975253704637,6.35149797611155,6.90150850716462,5.27909815588683,1.2270499939176,4.04493464607706,4.46146124747579,5.51605607006693,4.39092501262458,6.7889013863687,7.37324874618813,4.94329541468406,4.86315179551006,6.50493385163054,4.08122166990693,4.09245990430029,4.5742686630601,5.78346227706455,3.33388496102707,0.998847357474588,4.95635743642593,7.84018932544255,2.89872784346215,4.842213772173,7.66805091867052,6.13622789212903,4.87984348912617,5.30863886621909,4.97110353808554,3.42244634843173,4.16460673845905,6.32197072937612,2.85919293839282,4.37766225328211,6.59762809248084,4.15303860690734,5.94905863785462,5.84713775371993,6.02859068922564,4.93804172906165,2.53342910279935,4.26965982883722,6.05568259040808,4.84433855458705,6.14105684538939,6.88713593404196,1.81414191361532,4.06337232973832,4.35450856438777,6.91989116121288,5.75469012430058,5.75405999598323,4.66901936111248,6.11967861169155,8.11360688920297,4.34286405279208,0.531728247393596,2.93144504593946,10.5687512337479,2.50417513766815,4.79090589489585,2.5978162413411,2.94934820637851,1.67641373541092,4.01105597534281,3.38840070569475,0.932352188378589,5.65098117082506,3.23907770958283,4.98821966863396,5.19403613391803,6.72916945337519,9.46435467796156,5.53806856593738,4.60274543933164,4.93830118722252,5.68962426556731,5.45944598260927,2.26482634973508,3.71757256695206,3.21505025855825,6.42825098525521,6.22684489987676,6.9914882912378,2.58067561003733,6.28944828367704,5.3874596855547,4.85918031662272,5.08765632278841,8.04182617786248,2.85733133142096,7.43860300572656
"18",2.35103775054158,5.92314458529608,5.23537913578546,7.34666714882497,2.98452491121534,4.86009318317965,6.27142275228398,7.78021455962107,2.45680829416148,3.79440948652259,3.57102849301039,2.95113691059243,4.29632570389046,2.8063856866781,7.08379500453362,4.87672988478515,1.89018217951795,5.86616802371304,5.05460602082309,5.81232894580036,2.87660041874118,5.55947322393295,8.02858321087421,3.94482089588473,10.3930116592894,5.08040212590914,3.06760645698859,7.55646710625969,6.36584712308536,2.12679844191945,6.18778405541593,8.275747338532,4.42611175501673,7.32617283237373,2.91134805518522,5.53826464771043,10.6548330785076,7.43316877978083,5.59596646970801,2.8625957887974,7.59719093926342,4.93067582495791,5.63223352934398,5.06821020664939,4.92965904649369,5.23770603045783,8.18879631086756,4.50291970291563,3.76901357655413,7.46591757045334,4.88661093826761,3.95598479633893,5.31837552934233,3.80834193577379,1.8076796108015,3.77575856460777,7.99360581374831,3.89911332331899,7.9072565564241,5.49956433243452,5.06077202755265,4.30430918525838,4.4832957961738,2.9489279481441,3.08372620243035,1.6818472320877,6.59047188874239,4.97158801287904,8.25657492877828,7.5598857046696,6.35595095659757,6.22168927067277,6.58896942436134,6.53558015009323,3.59495226116933,3.41642458303063,6.94771717819419,4.72990495956324,4.85333338630356,7.19062242064585,6.06975691741418,5.58795607198254,5.10876505176476,3.2113764260268,3.00981472985199,6.22967151497754,9.73241776288798,4.04665542189827,4.73115177721671,2.20398747104744,2.84761964894055,5.6142787383174,5.07270411264585,2.50440118352232,3.72726944649745,5.47626239005887,1.05565111135941,5.88662482099138,5.55933923661564,6.99402242312049
"19",2.72074444800192,6.0548774931098,5.17673342882662,4.35962539310786,8.15159967788675,7.60382839094622,4.97548122578155,7.20384836517407,3.87150365953699,1.66809576931347,8.78341110529899,4.42472461704321,5.60849756090632,4.99520422131192,6.17981599892983,8.77156127705253,7.94058886529548,5.15437894463899,4.65121844523243,3.59042193840476,3.061976685122,4.57350373928257,6.36279532152952,5.29011036255005,6.72385283825392,5.34613934770723,6.08590537932925,3.59925266710936,2.73541230979133,6.11947721988957,1.4143338000742,2.14961629164904,3.75601527335783,2.80826446853843,5.73398829106983,4.53802139559484,4.80599476347966,4.79695893575013,3.69832027118553,3.75116556269859,3.32299865574306,6.28325059525705,2.60170367611872,6.08387233354559,3.06297933181849,2.33833391786271,9.49150887072778,4.2444134726071,2.68410873258266,5.24736316794982,7.129921226922,6.80285996531638,3.17450058144839,4.74002994641964,7.08491057791131,4.91943764277231,4.7512110697656,3.23755282802539,3.10838866275459,6.80089330608723,6.79049004724761,1.57810964528488,2.7113739678601,5.58925259776874,2.44413269258907,5.32608879820937,7.88087631369841,7.53075324202654,5.44472622065423,6.38718606238745,2.00078492852269,3.23450899289262,7.46978842132671,4.60128196241464,4.88110989447145,2.50562893981403,4.02657363030401,3.37347213765192,4.20474029394674,5.04359163744989,5.72750263345625,2.10675405073344,4.81175693740399,5.5875768105873,5.79667546011933,3.48626072501796,4.86070943691259,4.32619877711074,3.05975243065194,7.29531329580413,5.64423275665074,3.2567486608355,6.50175618066446,4.02578183301337,6.10633671403395,4.61092245290014,3.40986769326814,7.04249314544807,6.28543000971932,6.70925333648558
"20",8.35129714076815,4.92661745414581,4.59876583896823,5.08334651695355,5.58198604039617,2.2813465759822,6.6219439071834,4.45658946792972,5.56630660516429,7.49936326705165,7.79063463334255,3.29856941914336,2.35741210407519,1.91798293449758,3.56558055664621,7.26456938503658,5.3246689003764,6.64349561480982,4.57655122662147,4.27935309732123,3.87570879909281,6.1709434028595,3.79364963806383,5.97333563825619,9.80397895426107,5.6919914284456,5.2046567851331,2.58708870464163,5.6384747055758,3.20204646605371,7.27736878780125,3.55533210803272,4.47195720614272,4.89875361958844,5.16575579754162,6.09634049377362,6.63133451460996,5.88354574743718,3.35445437159831,5.30799400418191,3.68992625604355,6.93165306881046,4.8903968806459,5.28168170167566,7.03632201586106,1.10523338373179,7.20007095723685,5.48410148228212,9.283041291835,4.28721302577637,4.10631391722196,6.18970188235361,2.79467676673972,1.89083713383578,4.21974244397633,8.21152299761293,5.73401195786091,7.95007094702369,3.94942524247003,6.94936261376222,5.29707680998768,4.4183034605791,6.45190774870183,5.65876605596413,4.23040081254212,5.29188680759714,6.6234775311625,4.50201487757855,6.72254974819747,8.16251577671685,7.53037093570359,3.32531727073846,4.88379909623243,6.16164271638775,5.2270590362376,9.55280513718768,5.99042951626751,8.53570503848601,5.06641975670324,3.29793369167068,4.06331507850184,3.97661762376895,5.7604054461872,5.25273729746463,5.71596880117828,4.9597835918739,6.24135662393491,5.034925542236,7.01933025721627,6.42675180847185,4.11906849965685,2.13398904788668,0.396898170711026,4.31695260455249,4.3911025046505,5.85495465363557,4.94871602625007,3.58868878026184,5.80455739692677,2.39891095751362
"21",5.79629241679842,-0.440336055313449,4.00283288665007,4.64603364507607,6.4790598156509,8.10874333392573,5.30013846142596,7.30447502477871,3.91911711708211,1.93772394376267,5.22677946929796,7.26927432406308,2.08553517942703,3.5512610149276,6.29015433955804,8.06392400172128,4.41170480347526,6.9332289370125,3.67702672308406,5.4848680294651,6.86723236118592,4.42551167479983,5.14106149673304,4.12622143765969,1.68342290761208,4.92217300201215,5.33269193809341,5.04920452409994,0.213788437969068,7.70402566298803,5.36299036622206,10.1760287205049,4.29883616180765,5.42458947296531,5.40701513880213,5.704204952124,2.46844838590428,3.58997264687985,3.08220300600483,6.84524819161594,7.8648587029326,6.08483648804504,5.52228313087479,5.4578589350107,4.56117582439353,4.83490023227816,7.78983623775142,5.90602866274256,5.50789358511243,2.15640826820034,2.94613665120317,4.43345211725653,4.40326102576479,2.94612335945451,7.36303778564868,2.6078676636597,4.37206996482922,6.29105119471976,3.65491287766276,3.06791946444106,8.32295923944949,3.61213181027346,4.21418128531776,2.713842927303,8.96347367254009,5.55980303448265,4.69034224706164,3.71610958565641,4.44420309912466,5.01150633856705,8.23398836970453,2.87302256826863,6.16791463122047,6.53698936242656,3.51829919193046,5.07310055077436,8.94808994157704,5.42971479979689,6.55556597377947,4.77405102183975,2.2311685722617,6.19272430309174,6.16464375385447,2.70908015417151,3.21380431413504,6.68663405238105,6.28969489362179,1.1096872902054,8.42167554425451,4.05576412448161,-0.573184559423592,6.11825805006373,3.13998942160004,7.14852293714216,5.37350509061487,3.7948023150542,4.6225805164557,6.11160586343093,4.67878307263959,6.87599377692388
"22",6.43103827008396,4.90574896825851,7.17933507875468,9.56947523362628,2.48885102462319,7.89700477857755,6.63426052030565,6.44066963813687,6.523064493972,5.71318028388743,5.7499399283475,4.52628716367516,7.29499492561687,6.93058263140082,6.96273219279273,5.58124438405675,6.71222238313299,5.44627462337049,8.1409022927573,8.23349190839267,2.42635158267381,5.26687596562796,6.25326849685627,10.0449039192856,5.87986907469241,2.47403496674694,7.8134668432439,6.71786676923423,5.37730794413388,8.40952941050498,4.79635365524469,5.7716549934837,5.51407633256563,5.29574931502203,6.79847937383422,5.02552470832386,7.43094859290185,5.7540486174746,6.53272036822356,6.63841555320469,4.28819364007178,4.42719768683869,4.20549735757571,4.05048944243043,5.25364205954679,4.87123342608682,4.78968263895341,8.70503352488806,0.686499579287504,5.38542558253714,4.51030693077659,6.94866855209926,6.0939629337639,4.33629819962761,4.26017129033056,3.43334861698653,8.68325431626718,1.94934394625966,5.88184212687914,8.05207947618469,4.35388848774367,6.32572116589485,7.66940799840213,3.45915025797996,5.42908740215354,5.03761830322879,5.69760306015267,4.43702054284972,6.28609643714426,5.35834858353771,7.13410558675943,2.42177582360474,4.50092636819091,5.04953453507469,3.20131107050224,6.11020357620257,6.99038056198086,3.19236969647656,5.18842312479251,7.03073244681962,2.25691519279903,2.64198370007394,6.67295315294089,4.52692883905537,5.83703588463055,3.47508300561746,6.38232808397311,5.77399722534921,6.00059076156815,9.70167818832947,6.62102156325888,4.38209679908293,3.83826486917185,5.24803172898862,4.10280582937847,4.39549267002987,6.23914604167122,2.55110133295589,1.09900006993872,3.59671205829675
"23",3.41360972894877,5.00947294319019,6.84326155752373,3.39277904467026,7.82390226207185,6.85654221596963,5.81670782588936,5.12910421659349,5.23709355040497,3.68244405844156,7.9290129096121,3.84482244285796,7.42507030094339,4.82778965103274,5.11853431431272,3.59146594412886,3.85456758376293,7.2143021443434,8.82982186079971,4.78292568110259,6.61863749602943,4.9243850922721,6.23693848659199,4.11219323817654,3.51113578371957,4.91768137523131,4.06037799053933,1.81541601052203,6.33400737054271,4.46587152975831,6.65031655629762,4.85266687421953,6.19327616795712,3.35543536264096,4.07198397780121,2.45876341188488,4.65567278464919,6.62397942447047,5.56889393708708,3.35725420905803,5.69680175331537,5.67172700777986,3.18005246525402,7.23459738009524,7.14913186069005,8.19939276032194,2.90550501997435,4.51759698356839,6.12316001013067,3.51658990341082,9.68760832191294,5.31244495077758,5.78947720845508,4.5259231561134,6.41688626309996,1.31441730185481,4.26994233138421,7.28162699570396,5.80564361303058,5.39571390898575,5.41015229043633,0.983953715713444,9.00029588494551,6.24987034382493,3.95769261146908,11.3918084063235,3.20880917451081,5.56056151716416,7.40937328025463,5.12781834124435,5.32361123683077,6.03724519677425,5.25168276050914,3.58568903774504,2.10943765349835,4.82489720224098,6.78192224991597,5.23249327104805,5.66662724211087,4.6792912889619,8.07971228051551,3.38279636567768,0.754706233478376,3.16262429592191,3.03895294721148,6.54334370933664,6.7032098430804,7.72218775290051,0.986311414831904,5.91565289633948,4.04437379387109,0.00032974371548633,5.0284614294962,4.97758020461157,5.2319932815931,5.73220794123287,4.85429677199267,5.50914443033337,6.23808346295259,4.36891194003807
"24",8.84770329432769,2.54939251345797,5.72910711555715,7.46126779981509,6.46697409411124,2.38549194406628,5.28522301427131,4.86058186348063,5.18118951433076,9.62739170120348,2.51553388472484,5.73838719713288,5.31717567208717,5.79601096541233,5.03541332659436,2.64741178683175,4.65837573268335,6.56252424850361,4.32196279841901,4.85827902762402,3.19544835433195,4.41951193309415,6.12381834649575,5.65767015887769,4.97790594220885,3.50081819606144,3.98146346633374,3.33248326947144,3.93196227873638,0.818610783403916,4.10309375715816,4.91512394601192,4.90827781522607,2.60273635143711,4.6396549935432,1.76818867059733,5.83372775539085,1.43433477837991,6.37187481292609,3.47172906265348,6.00387372754857,6.86075024974872,11.49203283648,2.89244751988629,3.46004102396714,4.72853402463573,5.78012024272567,2.33679439044744,5.36499170406728,6.54777607127098,6.57446091790554,6.651392123882,4.90604164804288,6.18968652571853,5.59769231986238,4.69600984708096,5.96476934495909,3.73700739600339,4.78904420499548,2.95384006903906,2.93079844441926,6.17942526033795,4.76396827311607,4.9739882425025,5.0995212305873,6.08343993819206,5.94538249950258,6.98516036675061,9.08548088634146,4.00159347728199,5.06734790475457,4.86384665347742,5.71665941472338,2.30813278115245,3.79655455492324,7.25925009140363,4.21225666380915,5.05966147027939,1.63390538394737,6.64685759909536,5.56409994030231,2.72784454923248,4.21634250930214,5.35418179682117,8.89446425484756,5.54309068864176,6.55741109595636,2.60777984201896,6.18424853422177,10.2533134088086,6.6312857736617,3.28806360037627,2.95426455406078,3.8827649440859,3.16070615305963,4.45856410835655,5.42129701814428,1.14101879456777,6.33706000152123,3.70767258611546
"25",5.14087997262811,5.50185043085718,5.59029630942773,4.93111084191698,7.56344290267082,5.55320140643942,4.79272196328086,7.3895952946651,7.61209276928842,4.97005973127017,3.59468874946123,3.85842630585679,1.47515580962231,4.1380611642932,5.72940052841722,2.67762193926408,4.18785565904722,3.32711689197876,3.52394856598583,3.68843052693444,6.84034076498928,8.8941429909774,5.69874542728965,3.55520159997273,3.71272045015657,3.40070547205799,7.94087985989017,4.4373882846039,0.519339258282074,4.45209157532077,5.41123959304445,5.85234158284152,5.43291468930136,7.9717265185989,5.58372477437584,5.69827355636022,6.63447414645736,4.08903798392573,5.20488958404037,5.87421187875519,5.4508219290432,2.64744403675937,2.04532034039435,6.7984810597754,3.03150793689133,2.94960306758429,6.45810009243393,2.72692064505547,4.69389827281448,8.75503784801035,1.48389188472988,7.42032894907168,6.40006200229842,0.936679275547919,10.0612478240743,4.78118508079552,3.34964341445149,7.42281698373791,3.80644495008161,3.27421936177257,5.73739810871049,6.12072990343886,4.03216768914637,6.35840252763198,5.43440653493707,1.60536223689767,4.16285560810788,7.39427273789514,4.83725932342533,2.80752600235194,6.03667132739911,7.59780637436312,3.95452719379807,4.96216158584468,9.51719277428499,6.43124302410196,0.166626028830763,2.81678136633155,6.48836038847816,3.48754793181508,4.91099646403698,3.1366455374385,5.95767982677954,8.77346135635848,5.19339645374143,3.80647547943679,2.57174691172365,5.55766431104386,5.85131813006281,4.65818460555966,6.10648481696319,7.68996084097774,5.75745054916337,9.09876296807147,8.04559377050877,5.16696858362104,4.10151479640566,5.07785083276044,0.065371466369827,5.20019371875815
"26",5.9385600726265,8.21039987374484,6.0598968362846,3.67511827135034,6.79760096078533,3.40164986298842,6.40386527385742,2.7308179258785,5.70403978874141,3.45036898239147,6.73454673046616,5.92748557465459,5.52034956288414,4.94066093629947,2.73135792350471,1.83904403239458,7.66122018912328,5.58428289387011,3.77165722658023,6.84332471510349,5.08124043688112,6.34699512356856,6.36920140495634,3.69302854045225,6.37674179777617,9.8997772403911,7.09291285643796,4.75430248569653,4.5587329085641,8.93033422513983,5.1026990227438,0.47510111826954,5.94669078412682,5.22696894111055,5.89696411058524,4.66361263522396,10.857162921886,3.8140384599956,9.64256131957909,5.35282700081392,5.94212155994844,3.19128439403073,6.38115353545383,6.68240046162334,8.46288257584219,5.07996568612266,7.79042825141381,8.05151604090984,5.2407846025208,9.39081518422699,7.01632273967341,2.59755882788465,7.80505270243098,6.33163825559091,3.21024588158687,5.89215082090989,7.60289079916068,7.70220158906356,5.6796641929419,2.26836442360286,6.23970374179068,1.28460878645902,6.64711470339398,-0.3726244979146,4.43959954564764,5.77750319021915,5.29136949675593,6.95591952037217,2.67358123330515,8.63180892840936,7.68959010621906,2.58530079239842,5.62480289647224,4.28232026574871,3.60819183520878,6.62346140931737,3.50424201503614,4.40793387975925,5.35685692867363,3.04773953497267,4.283277104491,2.51513204056612,5.81454499854744,4.74570233972064,6.77615223645254,2.66254884982493,5.59598568387817,3.55566573507855,3.16027689804563,4.96746315937291,6.81883551646256,7.41247026044063,5.07985735824557,4.86024637501086,6.45111676653202,0.115468304096909,4.80309830140309,7.30389226412788,3.76468123976265,6.79617661291468
"27",4.82029581185861,4.9289602452311,6.93757960511524,4.50079963870685,6.06222471810262,4.2461658792484,7.08146827851868,7.12968332495716,3.40621945000734,3.56367738580296,4.81342988702878,1.21004358879568,5.3241564788072,5.71574013492346,4.7045454225442,0.911147436419729,2.27088258925906,7.62462086992367,5.77237120286933,3.58998678548603,5.97709278912948,5.40434007276205,4.617914145802,6.52137634352896,4.11395521691206,3.43936175472267,4.01507560696764,3.6779720313778,4.95511411718527,3.81100221350691,8.27812764800527,7.00175219003356,5.97066142999538,6.91910504298219,8.59902898145831,6.17247707533865,3.09853024585365,5.70041378136905,7.18489009406094,4.23881664897123,3.01248388125615,6.11423979426491,5.37066414655752,7.75698451565861,4.08235205738313,3.61116562998429,6.52662585321305,2.30468887585679,5.27631553288515,5.76182002354596,8.64462969517309,5.01643535587054,5.89627118856281,7.36710859751375,5.78506054434966,5.81203606334963,5.09353932497511,5.08841771838579,6.77064561814275,7.70131004773019,5.73865497269974,5.50538357517777,9.20034257141486,3.14900531780261,6.80252560711275,3.09138034480656,6.11750566630755,3.47078138318357,4.11516843667176,5.56742040342594,6.98919951516173,4.95030147561158,5.84677523100952,6.93628167627984,4.42224185305024,5.28846209889663,6.46423489633747,3.43480747217903,5.74033473612059,5.52153151915074,2.88273567876767,5.14366709045296,9.44111713454861,2.15680742913374,5.77212448725602,2.95902305374227,7.37351408985697,4.62327059080176,4.64935243894333,6.38744641527038,8.41025887512357,2.6415111341175,1.51827389481366,9.35734747201711,2.46481209330777,2.4271832757968,7.59174788340515,3.72423419241975,7.95727747867017,5.62933121880719
"28",6.788303263087,7.05883618088815,8.81721147356788,10.066228146163,6.56916555312216,3.78877016322212,5.09825965953523,5.10228200179944,1.33581395257758,5.17744459543129,7.5267590724572,5.40753485895215,1.96305753830325,4.25626957551496,5.52365081128916,5.45848487705507,7.86214172358971,5.15743539798819,2.2941581235056,6.742688061951,4.59629996126297,6.24970427778006,6.29463150393276,5.47175605289932,6.15012749892442,6.54297161271499,3.96786896284075,8.7757396093366,1.91516372263317,4.03389319142203,7.54620843962613,5.12586452361512,6.79729917973297,6.21047565802959,4.28062699264315,5.47857572910789,2.85242522787934,7.00074000312885,4.37846733788356,6.15700526340528,4.82098612126233,7.35809899150765,6.44806130128037,4.92629683588435,4.56585576741073,2.82404178035617,6.13682813221757,5.01281999086923,3.6786484955565,4.29026253525087,2.77757302541597,6.52575209608759,6.4927973660962,3.46504443925485,2.4456884104252,6.77322232099465,2.9621124143987,6.22830841868654,5.50845250114129,4.71645353103129,2.50120990937766,2.60127466926162,4.87628693668736,4.98692353318063,3.37347891675079,5.85045820505097,5.14536648209664,9.28526065885353,0.942049938789653,5.00046445254132,5.99439820685856,8.74495489364346,4.1805105856924,1.57653293730054,6.34845879276954,7.98239119088735,6.25389696262922,7.19366091364909,9.51497442535068,3.26093669371508,4.61800925542952,4.39154522782453,6.47345937706862,4.71236831210474,6.57244008814328,5.61145830485272,4.79487672173895,8.51864873045278,6.27130936123505,6.50878205124386,4.74545597851345,5.79141906882473,4.47262942579578,5.11558593146766,6.03153494933319,2.61050528393671,6.39127532838189,4.05225591406772,4.19028893927526,8.20098589929204
"29",4.25258024401716,4.1999141628957,8.00558689543902,5.31623859147228,2.62957280502254,0.145659021057091,8.50860534906599,6.61558486290618,7.20505367853848,4.05886315126565,-0.372495609965533,4.8380454409438,4.62516066219833,3.57731792579308,4.64189380865617,5.63927769354428,7.21318655075577,8.18608177422038,6.96581502646104,5.73826793389195,5.9599910611334,5.96355174591011,2.82127525713466,5.19640361910272,4.70283410905576,2.82877349339229,6.24927799169488,4.37264507454637,3.63174237573096,6.17298354374235,6.49302824421048,8.06119888105051,5.1449014801552,6.94942351024617,7.00963402992832,-0.266939070979084,3.79463540619767,7.43271288440896,8.93278690450001,2.75140749608464,5.9888694427956,4.59794709215362,5.80454417584157,6.48431884829373,6.3480146761937,7.41336259840665,3.2166455938389,5.87052434881616,7.75607692174986,5.34143491967099,4.51478045447754,3.99963787357291,3.52980856642639,5.54180874749535,3.95464000344802,5.18688266147607,2.68412435077773,7.29066665078953,7.42584538507307,3.78761064538313,3.32900669108268,6.30879056828203,4.81400624145089,4.25443674177096,3.93481790160724,8.8231519976325,3.24878729607096,5.05325427453306,1.10383321879888,5.64443524065045,7.72504792308225,5.10121699646271,3.26006989006991,3.96485975574074,5.35880481614388,3.02466951573764,5.90738092220663,8.38903855158426,6.57150308052642,6.45636136243923,2.12180373056874,8.59781070258218,4.63124057592086,7.10987550785547,8.65569793930423,3.4080189098366,4.41741126857305,5.74717508891129,3.19674647828956,3.79007832669325,2.97100793066444,3.96652117010074,3.35446314131312,2.66889274023826,4.91240657352598,3.08666016267561,6.84001568144171,4.4769387405047,6.96420951019772,5.84217253796903
"30",9.5165038064224,5.13448643065199,4.37634411197542,6.50407835175687,5.69199343789669,3.9739329227865,5.10442563622152,7.68377079837877,2.08858045728602,1.53936985463506,3.18851505223777,1.98066085316493,9.36666835921141,6.09671504324582,6.15582591546017,4.51160987120092,7.56227267861682,3.56663693506001,9.1130845659826,2.67720043145311,5.90907903292585,4.60321682112806,4.09466343217289,4.04269087268731,3.39583901405598,4.78418857771633,5.42723294076697,7.28572822006084,6.37769922945799,8.55242029021204,4.88938398734992,3.62692254919617,5.0997642069738,6.27832589890202,6.02471522887777,1.88329296847902,9.14773154228984,7.51122966526673,8.45270254513485,4.62299086591845,4.0027415772118,4.72273055351371,7.46829613331827,2.53356593485744,6.66380113211518,1.3506334788325,5.94036421811177,6.39747041893292,-0.678864663872409,6.27172046896542,6.96819971715978,5.64299009611803,3.23181679964095,5.21348044144604,1.46154815646892,3.01831241724644,4.47912781981795,7.22137591936304,5.35697815541871,7.31757788950538,5.30260011529094,7.7387128595918,6.48309070713062,6.61271855464382,2.91852302280249,5.16037336415483,1.23233285789326,3.12356486717412,10.9415943418469,7.66175831573105,6.45443127267965,4.51889478861338,5.38057806936513,1.86944095703353,6.4372967528306,5.64175891873257,6.2678390466513,6.05794796936652,3.50557178697883,1.59083193663824,7.43752060413581,6.4048045728798,4.95415822676242,4.48105774665,5.96766580233037,3.67668069427428,8.32282021238667,1.93570423289335,4.39209932900603,3.68561152117195,6.9633533243139,5.82956078457821,8.30013409752044,3.9476067510546,5.71645014878876,2.40558969840942,6.23986954727966,6.68724845262786,3.7288357004019,5.80337745290103
"31",8.14620356043001,9.07161571056226,6.89603737232028,4.14455198180432,2.65424757002493,2.85622530702199,0.86738497813131,3.89866263562245,4.59330942314129,1.77766013747347,6.41847285042026,4.97698911485467,5.68674868885496,6.19986766589586,4.13289732246294,6.75889789575821,5.03677754646631,7.64351684761723,7.31795529675363,0.643279598150365,5.70711284420738,6.47844522604204,6.40189051171884,7.56708455219414,5.0690506150582,2.23773271886156,6.33949486422758,3.73323900272435,6.69720560504031,3.53698016531423,7.29220400180061,6.38142338293289,5.42014368310792,4.55569491220095,2.76450321806832,9.69310978646298,6.91640247443321,4.62966877746644,7.39109577549855,5.59173177143613,8.61938378412909,4.17399003799291,4.84007920137838,3.06366702931231,7.55628810906623,6.00489045558988,6.23868755935453,6.61121039008155,4.93721205221182,3.84744977282981,4.20193243249655,4.13763270850925,4.6630490059629,7.5959786371744,5.08979460209144,5.36847386679087,4.03820061294303,4.02168700464493,5.5936413545098,3.95908523942348,3.67684662089141,7.08184359389271,4.16237366529961,2.54810626056268,6.8496520758917,7.59200998831564,6.10986210810576,5.01977683710592,9.13940727124154,5.42951863921432,4.84982249099087,7.56420618879867,3.97866970878829,2.24779513629907,1.48909840747995,7.60092911218571,5.70017984286276,6.29479587058684,3.47365355735033,5.80100744782574,7.15276466406271,5.73126692729623,5.82831140947049,7.3555588840633,3.65387076081949,6.29341526521394,6.75752399091827,3.59024096679272,7.32469159318583,5.29928966400321,6.27479054632386,4.97615594924913,6.36618743937149,1.31870508514599,5.56942857385363,3.97115660825453,8.15717429189594,6.13212660421823,5.9388347107701,8.39776617163955
"32",1.09135653767172,6.29903761196256,4.82465447564037,3.52250334931633,4.32590116295523,5.27473219103597,4.25875710091142,6.26745037845779,6.56013904357835,5.48216679454626,9.18960187972799,2.70078235534864,8.86736580911907,8.39112894440651,2.93885627430717,1.84218505845268,6.30756515752471,10.1305746898375,4.21173760601332,5.4613218711475,1.02118310412368,5.2221193612297,5.13238818664722,3.05390002205332,4.99802571399559,6.12768527219908,6.10417826265051,4.68254094615929,3.25168488499858,1.16375184484979,2.80993710672346,4.06038635314235,5.50408099676034,5.61804326684816,2.13104727792973,5.07853739741141,5.22647274187977,4.96611722114066,5.95321917699575,3.05423827576791,4.56327367326887,6.63474631344097,6.06712919710951,4.61660128623633,9.00256724308109,4.49100703656539,9.83799835082778,5.02863229200329,5.18482452540718,4.77331486842294,3.32472914025911,3.87292088981839,7.38823113912811,3.79164134449814,3.38548204704963,7.95839834286687,6.81615019583903,0.0519382258161052,6.37222492311875,3.98644159454528,-1.34379313378918,5.84866527415544,9.00086025438221,8.53541897280829,10.0046949373337,1.54396745683977,4.72525814596571,0.261760935908439,4.91792578292936,3.78921735752103,5.44613157243793,4.3856344307763,6.95891180692233,3.7110599883178,7.69689206579969,8.94634083990034,0.466824084660977,8.48020580066955,7.8706610713791,6.63749783349065,3.15413566697324,5.50172875918553,4.46247528682257,6.66295116656992,3.70972753387513,6.4907789290751,5.87964799033695,5.52450488281278,5.92499607548945,7.01867880299793,4.88665556527621,4.8240932521715,4.13480904265973,2.66834533250835,5.85372967460275,2.27812349681929,5.46549482661334,4.95589700308708,4.66167220342336,3.77996285234678
"33",3.76135513240002,7.55870306026741,4.61254737587213,5.28729472265349,2.95161885888211,3.2100054425684,8.38616538713797,4.3503448500312,3.00811306690378,5.30650990781532,7.25057282063269,5.23279836516393,3.87831876289781,6.54162304486145,5.48585301059735,3.88567703249369,7.78991895664728,7.73944386675649,5.07705819352751,3.62069524617525,4.34358392408972,9.82131651384949,7.31704104782699,4.3638792288914,6.79087998133331,5.05919953011436,5.90543043122199,6.85723802047036,4.19000188070642,4.96690392579209,4.97414605873441,3.33997765881928,5.23515798764601,7.19893195746946,5.32524075329703,1.81766169572245,8.1477011418639,9.05705280280356,2.38200812701873,6.69199024110025,3.56737220711396,2.67654018240691,5.82601067757618,5.06469786282897,8.01135310865208,2.46956419520182,8.06057318415489,3.45250729056539,4.28998533969586,3.85680273148123,4.95433417255522,8.99246387295529,6.38500192721691,1.78406300975791,5.73384483378488,4.86371884829511,4.43367139360044,4.282313067197,3.76899298247665,6.68097831915697,4.8862872892779,7.19637159619957,4.00233715838559,8.78926333596675,2.85323380852999,6.84846127796562,2.23213633206561,5.39073366160185,1.65757229972714,9.23128858595075,4.22417619280165,5.18872009117766,2.96882551903099,4.43309480166552,5.62519551022348,3.00589883697414,5.50919240398502,4.8383808243251,6.38725814824119,7.10138833268594,4.00347705429253,7.8705097646436,3.2968038472812,3.82211764704938,5.12875211020183,5.10786508920881,4.56278005175879,7.02131815689178,4.86772266393081,6.60760867793459,7.35048663312844,8.26523586113587,7.72168241300697,5.86550531096825,9.33595230978505,7.43598891624744,5.03326893602318,4.31107368132173,5.56875376415776,6.82303192975752
"34",4.94010454276291,3.74360132559822,6.4584814594625,3.5699562416117,7.64960141465067,4.84286835655766,7.30061926142562,6.69229037318951,7.5472506347809,3.81364337688465,5.75445530889966,5.69460848236842,6.03921706117901,5.13316254820267,4.06535808201048,4.50121605490424,5.57709535034402,7.31007587661387,4.69650729676278,5.89989197794282,3.18220779793924,3.76809682091292,5.02717685904684,0.993214840869331,4.79431675930946,5.96454544982779,3.21587350407715,5.84863417309615,6.47179383351981,5.60687657229277,6.02134748927809,4.62174056441859,3.99307126636893,7.01775080314407,2.89907006582506,3.56726680603861,7.11012431217133,6.88213538064674,3.93273540713891,9.9260307040335,3.11897990935759,3.89215042585931,5.70308750292595,4.16839297132935,6.00656329681115,6.00047885742952,8.29697622774977,4.27155080372282,6.85368471902542,5.29344462492432,6.13423199201401,6.38639033263389,5.6060719545406,5.49741260619118,7.75680085295838,3.62313205676773,8.04247646518681,8.52703862643328,3.45603994623536,4.2898833722307,3.57833772706404,8.86030486521792,3.02815681044224,3.48409297574365,3.25701588200964,4.3009435272805,2.45106899474854,1.18313546932186,4.7608734652943,3.4235781427488,5.94107482402688,6.78049268996297,4.54350062733446,4.18008374377773,2.97319420470099,5.54112677102097,6.13241487480573,4.54086910189963,0.446918976876481,1.73284370297677,6.80290245795851,2.93825611008494,5.29817542575292,3.71638938150186,4.35545944094728,5.59006250221434,5.74385038940764,5.41912237048207,5.66384033904133,5.20077888178938,3.71921618833181,1.80512959174422,4.97624671619991,5.21227370667497,5.52348669940095,1.53035705530427,7.21089415049969,7.94085451370186,4.0197160095472,1.9384007933488
"35",1.55668315618655,7.7006640467158,7.05680971562662,7.63297133274657,5.07494317382014,8.19167256789117,4.79077237190457,5.0340827756858,5.42892261285469,3.81115413004104,7.21839458839465,6.09386567419168,6.96185709379917,2.2068059182586,7.95531507355831,3.71168383931629,7.04397195145403,5.25989320644177,6.24754197022724,6.86689096514484,5.47562981836164,6.7494728649789,3.01760680231751,2.51639168304938,7.47994364862333,5.77627181832049,7.85856992991475,7.21740991217211,4.65120232799284,6.60625236064371,-1.28330136487901,3.03273416424393,6.16546916374263,5.09361524038988,4.07174131538785,5.77952283699489,8.11790830833832,4.78507116503594,5.347121249684,4.6591539446266,4.82602067822228,3.25972882198826,1.90198862344956,7.08937848669356,3.55933493631902,5.87148119506959,4.28772613979848,5.61714981821069,6.81499362412723,4.50513244639828,3.68425738044483,4.43961845034758,3.05416744103503,4.66692563536092,6.09101471656122,9.0083426171022,2.83807801046056,6.91128487987643,6.86572719774542,3.79487617629915,6.95089133703681,9.11468074528566,2.52108874815312,5.81456196203608,9.2026424963518,3.20554184647596,5.51357539728261,5.15964591668929,1.29394711734891,8.06595864081863,3.74049130621947,3.84000789041913,6.98800715271084,5.95072946826206,7.8540420124195,4.53877097828213,2.20538991347376,2.86570470782247,5.5926445416618,2.94327568767274,5.1701143983446,7.39518124966606,8.76184266404511,6.68251409277779,5.40217706138505,4.6783293670018,6.30131501653359,8.38873646412783,3.90827256460727,9.24821083216847,6.6353670115727,4.84536077880191,3.31760544406811,7.64914227935747,1.7514924212486,4.32309564601162,1.56104094082932,5.75907447986791,3.83806871556546,4.97928764114715
"36",2.89308640123994,8.3451799526308,4.38561932348329,1.85146538030315,4.84531451480989,2.59194722657837,3.96862301496005,4.34895474253022,3.58321342210715,5.83520367972067,6.27770469866859,3.96384611994416,4.22107447227999,6.0616082812055,-0.278636524247371,5.11016623778247,4.34115141011813,2.03053357544232,3.52196580155425,2.77378854304697,5.04810110588534,6.06808605668645,6.64550471923475,1.19065244923467,3.38675247699209,4.64005077401635,6.70748113038778,2.32353750344648,5.4448372567095,4.68432143395246,0.0332213589445223,1.44226746142283,3.39852609130155,7.28659002350732,1.88043016269529,4.42525577218076,5.11013185998897,6.87908467651068,5.16987987598769,6.03825839565217,6.68201586181805,7.46860199601243,4.43179137654748,-0.916932142457233,7.55479715075975,3.44895862889941,5.63525716067636,7.01615273391139,1.18381727344933,-0.0907551887396734,5.84860379879265,6.8919851405349,3.54517067046342,2.22257257124123,4.88108806166141,2.73548635675907,2.27809788147399,6.19318908393114,2.91157426676275,4.80485323951433,3.8277635400274,4.19204085981684,3.43615787963319,1.8463359749498,8.52326564497132,4.15083857910845,4.74778246337807,4.2379756820832,4.2327026112727,5.02648110687778,4.145021289776,5.34513771308727,8.23541490664497,3.79809297748149,2.98388748691239,5.35145121512517,6.35681845507003,8.82750520761195,3.85829037666,2.55535661759264,5.64643751653609,2.06006057179541,4.49636363307858,4.41231514288834,6.93812101700371,6.28915872020364,5.55595008199337,4.05965237780445,6.37631549809939,3.69728447762392,6.95995415646238,5.87198453771278,5.6680311334481,4.83324133670032,6.0578213559831,3.99975453238672,3.15835883776019,5.19731753080055,7.44042240835862,7.34685965527164
"37",3.85867503319815,7.34545911489025,6.53148318883978,5.09232216183111,4.11895563887678,1.67545767126632,8.04735078466701,3.2284117220117,9.1256668052302,4.05698362332917,4.28233041608673,7.59028119420272,7.29251764977382,3.67957167726902,6.94961065833657,2.15894249839067,0.883939583831273,3.47464959976914,4.53017258698314,4.85420658437684,4.2774653972581,2.8954755120211,1.97383236890102,2.28259806988761,4.13692825429878,6.88037877324132,6.48372833609835,3.70501486256182,5.83892376815337,4.98669456697001,2.52000569440826,2.59792020166564,1.85453013627937,8.76277075173655,9.15068674975419,3.58624556525757,4.54739296002096,3.87041170273122,10.3095843591036,8.576110688837,5.21644832566058,8.83550293268928,4.97043938616605,3.93819538388642,5.63174947032738,4.98015297374254,5.98276153919184,5.64109059160713,5.26405650381997,4.49317622567422,4.83011832727961,6.19038383252472,5.38386329462376,2.50089573694764,9.55258848951878,7.94299490485408,4.15209538797897,6.91265280442262,5.14513039663152,6.18148364084302,3.85201556714459,2.99902029285837,1.95445882654491,3.81676787800376,6.6868577545776,2.13547044209039,4.10949221807597,5.09740072804945,5.0029017990504,9.47004355162724,2.24701471388518,3.2738844571883,6.67317086393313,2.22966091808917,3.20248711649841,7.64945190926194,3.31586170550575,4.91657112371549,7.2991295423206,6.50969970341402,3.10625167134089,6.89200963849988,4.74521865309486,4.46754647601111,4.26498396318868,4.53995324705259,5.91289034626386,5.94828202808996,2.68277236997188,5.9899505203163,4.18214735049471,3.4058801082674,5.99294992940122,6.79982686892368,2.03033553226844,4.82079330720333,5.11233408774575,7.60386942403978,3.62536279729989,1.94417281958268
"38",5.96542878935865,5.01235787318294,4.9570985331899,4.94291236326575,5.4285055505015,5.13869429099081,4.34824500254223,4.33720592979238,3.37158697243538,4.41612758707922,1.53661626456793,6.90629914119668,3.37142023303232,6.16935765501482,6.63553616868186,5.56046340079061,7.35880609181721,2.42373262207601,4.70822544561385,5.47471592196332,7.6109082218232,3.91978303696314,5.18595623111914,4.89911489304598,3.07574987685221,6.41113912786586,5.34298930088584,5.59181335012649,4.91479526470699,1.05987338931977,5.1039690728296,3.7660944718336,3.78967909732516,4.14704133495022,5.21637773954892,6.44496275288668,4.79145960428635,5.37520186014271,6.25028188557449,5.96412837423136,8.50715699106143,9.15595490582103,5.5635902069619,2.54560820120376,4.41937143670842,2.19505081374751,5.69830182479289,5.60064715166256,5.74623052939049,5.15569494288172,5.26655997239561,3.92030327697906,5.50376391808328,8.41798867944711,1.61206380719636,6.59986625249752,6.17304330107252,5.85943491021174,6.04852903681207,5.1466682892497,4.40281308596998,5.12185681578718,6.05957804050153,2.78152480101198,4.87525918964041,3.36104232370214,6.02081046045485,9.79266509243833,2.75292018716602,4.88174324013714,3.35186518813266,1.02840548090576,5.41017388679406,4.7222831953674,6.40200591298315,8.2490393674836,1.89396738353865,1.76619319419241,2.64590526432778,8.84403465252384,3.93193337992675,5.17880368960029,2.54619075435004,6.33893885940677,5.68100677624565,5.02503505827804,6.73286270514859,5.03675811835919,5.75714869500502,4.0588883122352,3.80946049026793,4.01424506393271,2.89399773293069,5.6834025526594,5.85916342104155,5.77488021350878,4.34793079521615,6.08356011703288,5.86466340504922,1.29355842415055
"39",5.19184778482131,7.61102443965547,7.98505577085301,7.82625760175188,4.9763781234022,3.10362448824755,7.50167510179539,4.97895621445924,4.94710809832283,4.1787729511233,8.7824088065787,4.80660942156125,5.83745863298144,9.19729838631135,0.694524741024583,3.12735243483659,7.16054474235727,3.13685992101454,5.04035472497849,7.69023977571058,6.492964075074,3.45214702534357,5.21796267039882,5.98770235870816,8.03555847788262,2.63533034393237,5.84465270105558,4.8403447856181,9.27134167155907,5.61358586068939,5.93642055088175,4.23798479413132,1.23349877056313,8.603744088562,1.6271172164176,1.63870202692674,7.06279214417672,3.9695607866135,-0.679616793767408,4.22179931131808,3.30040088402062,7.94140857226603,7.24899249280157,5.98895744006283,4.01933607699762,5.33274046272089,6.48107556899633,3.90521483133707,7.59821690499796,9.05632418102922,7.15701154760525,1.36575760990205,5.39513728841015,6.87648241496494,3.59159102114278,4.12622510338537,5.5888075700826,3.71782724218114,4.83043531766842,5.1287764030465,7.83231744406177,4.51458455605721,6.191294660276,2.48506095897295,4.6475582437197,5.59703426642208,3.3248378387222,4.38985616780152,5.63739347606155,8.74657328235888,6.67016176851461,6.46441225636112,6.18262452668544,6.33285590628451,7.81776939494338,3.43056446623012,4.16218550309274,4.92282185618702,8.02228279650119,2.41703103490461,3.97573775555197,5.77432227881855,3.22274678656652,9.41901001323549,5.03525986680867,8.72801543894991,3.68647686179575,7.27790301841285,6.16644134242289,7.54913026644866,7.08764496409326,2.96112717075875,4.29271121532696,6.956026527028,5.9454711882675,5.81900346527222,6.28389667029346,4.03845084866592,3.94879471612344,1.4735103268654
"40",3.82432041810278,4.81402633549157,5.89535614541227,6.65838601333919,4.09381667101932,3.09761719154041,6.30264737054883,7.86671018664281,6.71838908594574,4.51145952135469,4.33675181650802,5.78829526798173,5.87577016758655,3.227132589704,5.28083000936486,4.27952173585759,8.42257491822279,5.55243539272019,5.61385285415493,6.56171707310128,1.95624853115208,6.32648360698467,2.51421267396864,5.68955867128415,5.49140522647415,5.0395354223681,2.47671299493057,5.10070622182865,7.39528857430315,5.67666632782128,5.78602969500636,4.29527234767855,5.56589168818633,3.99946979830557,6.35975360129346,6.29221907633081,4.07144787538743,5.15757486465022,3.61624583095267,6.41890745658571,8.50668113960805,5.92341149977261,2.29886886805444,6.46176008713939,7.88595220016595,5.11677998816427,6.64212796968253,4.95518218319117,5.6157281446829,8.35432967200449,5.37076422599712,4.2183584938686,4.83838224163592,6.3153235435419,5.14028911167442,0.995505813212921,2.55278327991193,5.12692210750221,0.677405619636779,2.32801683363847,10.3339744004017,3.13904629289024,4.01049505203345,1.57236987964947,4.70012222652692,7.21886184502982,4.46756604623487,4.96651412458631,2.27495904822249,0.484520859854156,4.11741162239575,1.71345025557287,5.15803298561144,1.49490175723014,2.50886033730032,4.28948310306831,1.63004684674812,8.50697396090036,7.47001149497825,1.44789436461429,5.07092271433599,3.80706812840635,4.47190298361774,2.63369421200423,9.3810739449514,4.5546849461047,6.36416258709348,3.02438813001793,7.03277574671601,7.60830813821211,2.79018416252582,6.09081375992778,3.65889095636856,5.67759477478239,7.38656766078665,3.24285023099196,5.97723234212985,5.72681686740664,3.71273220909743,4.13388719911785
"41",4.83643992814781,2.74250036727434,5.34995365924152,5.36670415390421,0.796295297512557,6.73611971657442,5.18420815218441,3.49117871402503,4.07553395350845,5.28967454049147,5.41748670958953,8.07446093683064,8.97837956524376,4.98554131126996,5.71137597912622,4.13239955664609,3.82795521154129,4.862010293797,3.3200466979487,7.08286487382216,5.01579614140098,6.04634665611626,5.5987670144959,3.36261397716636,6.33398232557896,7.34610752701958,2.35782743304044,5.2581375443378,5.79190258545746,5.77955002145738,3.909389990373,9.62678442196414,7.99259609745072,4.35458259780972,4.92956721690128,1.80488531918949,4.26627233863103,10.6150836094568,6.32023880602632,4.10771907238049,-2.09272263447068,4.24063988671525,5.40250245245106,5.53637962793396,7.16369017288568,11.586549217488,8.04432543179444,8.23786162180216,7.27209373614127,7.19554351931699,3.09382669295448,4.94996068710271,5.45069797543193,3.69892346994411,6.94624464790419,6.56523104546576,7.31404111808941,6.8077671103252,6.25948718890047,6.90669884158768,5.00240932635658,4.18875278656499,4.54571251876651,5.79307269623978,3.08642686897875,7.64941288030842,7.70383464119632,8.3221766437206,3.82742434069238,5.97171290670504,4.99770205547393,7.31437291111873,3.38730586946804,7.1976066587721,3.68879179571352,5.64946633599622,3.062744139526,5.8703923722638,5.49944896103589,0.709317662005744,10.7481202921908,4.34156247251682,6.31504122472604,6.33294991249225,5.12851919134748,4.94049286276025,9.83507331860537,3.84326141454546,6.98108803158967,4.26066414309089,4.64953232324838,5.04500195741819,4.49037532044231,3.23054820533546,4.66666028225727,4.14019771302244,4.78274259827548,9.27275418946821,7.805498681186,4.00464621986035
"42",10.7768365090663,6.17469277053535,5.77448243869213,7.67911401130566,4.43476139734696,5.31709343920912,4.87233574368567,5.9923872450072,1.07619408737544,3.32818896920334,8.46896386391404,5.73876453258961,6.96685387701015,5.19829140329625,5.0910738659431,6.06141197606805,2.10805223293294,4.02356971957814,6.05743515660565,5.854515129185,1.59101296080965,11.2245240074761,5.18634686968286,6.56801251370879,5.64478673398042,5.56129465496098,5.73045199966268,4.55709972534288,5.28265488872527,3.66222927996706,5.20993952979372,3.54164258729418,3.94136715519365,4.80461412889828,2.04089062897224,4.19605163122345,2.26179926304842,6.67964794752387,0.915832879361742,2.37680143063717,5.12393186234428,9.14240845563872,1.37329815932163,3.10145669658405,5.07114381941028,5.56017705347839,3.12337604060731,3.38372013376552,4.20716460759234,4.54469715933686,-2.85168006733697,5.57382730625998,4.11589857576588,3.86521563899154,8.59044535341774,1.06718638824093,4.93926294694694,2.57134340141158,8.38129693274269,2.8497223922146,5.78453006856062,5.75269885046696,7.70528670841769,6.64561780782612,3.80945455842676,1.61498703078213,0.3162384078264,5.259199051533,6.40002333158037,2.07732242836079,4.0075338407839,0.601689641261943,5.7567327749876,7.95789843376321,5.72164485317651,4.81488639882484,5.01722714011665,5.86641031381263,3.97134762664343,2.58786027087102,3.73680570533523,4.1530122374846,4.39804303894345,7.27896493760099,6.68243620957347,7.27563170514773,3.9966889905829,4.76519160636825,4.78349510925475,5.19497237602154,3.57708638147905,4.50917880651879,3.58565095858681,4.84883014126869,6.81096753975565,4.40542608820334,4.39232258228223,4.84275875288875,6.3068751497817,1.49661657368455
"43",7.3456507056053,5.17832776304618,2.42221111351296,7.40465825770485,1.85805139934441,7.59215456833441,3.32791016351346,3.26407604842071,1.96202052134638,6.98281085597749,6.95534472607309,2.7447572717405,7.02070612650112,2.85714671109021,5.84873271752972,6.27595042633995,3.36935732413219,2.98815101051115,6.64077614743533,3.73795132932764,7.13111357258312,8.8072653321843,1.61185455935752,6.55114516019201,4.82873199500121,6.81642759773904,4.838222619287,2.39806410189917,6.38315179356312,4.40328627873282,1.59302032007983,1.4933129805964,6.44000108682342,2.88859654844843,7.20094659622865,6.00576852989128,3.93505017562015,5.09973609645744,3.97108592707129,4.41105842044509,2.55519312439637,7.10567510011531,3.09170951869572,8.0660632218654,5.90599126204394,3.43419550622835,5.82436555665596,5.2206031968985,5.92217358212645,5.72069339332536,6.13208587588926,4.21873286324158,5.94733914734854,2.33712018919636,5.51289969034679,3.53748931527618,3.87805778239315,5.79521852602824,5.64955880336349,7.08986529021815,6.35272362415333,2.41568875740025,6.68131538801412,3.41796685336055,4.27007358542968,6.2250715382784,4.7992714861062,3.91072928685071,5.47011441449178,4.36610216272378,2.95810968080187,9.88290096627993,3.09234690209976,3.75573864333572,5.19044627492117,7.20584826558242,7.04636625980581,1.86613885151752,4.86184984013872,6.92321041455351,5.57960471423773,5.29637378781519,6.21547494238778,6.45789998256055,10.2601757077249,5.43815066828882,2.75614533615693,4.96904214291188,6.72090285212703,8.25524644961246,4.72385046279501,6.64370970146695,3.9726948224608,2.47474768888677,3.87500777046403,2.97759134151216,6.07633796130301,4.24103049888844,6.1307747152613,5.24200975532711
"44",6.09928644099428,4.53407114949173,5.46301366661362,6.74367109862104,5.59271721900958,2.83116569040461,8.45748902864895,4.7768999034083,3.27923863060026,4.0967401530075,6.12031467218442,4.60769460203835,1.13320286621991,3.46767131602985,2.55856671276278,10.6655568800058,5.24885701913484,3.99264107917296,5.47067581730468,2.81404357858629,6.98708679050649,5.27481062023187,4.26993890376964,7.88265485054248,2.57263031647578,5.33586722190905,4.63341239818067,3.2760726457588,4.01858369778541,5.5829705344575,6.75301021452468,4.16083675732097,2.83127947683491,6.31843635940124,5.55186282911084,6.25009339126828,5.58351708100725,4.62598219364127,2.93650699038451,3.98843444460842,1.55904759649497,7.10324917602787,2.3535766336375,2.15951339943562,4.85484748703317,1.8280283876669,2.91232324276733,5.76986524314413,5.54479236568707,2.55819835831165,5.97321330997487,5.64869143993203,3.43334014783497,2.10336078538538,7.70632310887528,6.13096016014647,6.51514762776361,1.65970508228397,2.00851550817423,5.67960930261377,4.22954870098792,1.64116066007116,4.61382735819099,3.33982229308516,2.15774276965902,7.49232607327418,7.15797569353013,1.69793280061096,2.50601026433063,4.43631572201128,5.92445988480215,6.96037726188463,8.89957374836281,3.36358249913598,5.03829781680852,6.54289880999391,6.57021438605818,6.28374034396948,1.87419273496234,4.86504761204351,3.91050984336615,7.10341846031482,6.17742696378072,4.78198303794143,6.22970441576163,5.33091140752021,7.11697206626631,3.69739015231855,0.827134803276483,4.28738513392151,6.32782375006225,2.48475699960911,4.81065246605538,2.81270115645802,5.05991910218807,1.60529720094017,5.20180149926974,6.14009354749611,3.85649506394775,3.55711725362009
"45",6.55820902000923,7.97555175859538,6.44029370394648,4.76714634176844,5.49472254829615,5.78554979487555,3.06583395643774,5.39894702214728,4.03586834171806,5.28762620277947,4.27240572543331,4.47110116401152,5.97587901435146,5.783379464258,7.32773703181503,5.68904580331985,3.20801445710806,7.59941571531859,7.62307882882941,5.36019737239487,4.15908631803882,3.22391653199109,7.41097125586582,4.98548790534191,4.01405556573634,5.37988653515291,2.93241593645835,1.61799677952786,4.28219328181537,7.61662494407549,3.22821255611173,6.063367131982,5.15513188730473,7.95879330149164,5.3796650876724,6.82468974566673,3.96946607553104,2.22653174384005,3.43049300583125,8.11452602571067,5.94019507931204,1.20478522050554,1.59979111788207,6.25518637129386,4.80933073484394,2.23175286216419,5.88595603172545,2.92852577948765,6.88742975107555,6.81768019213986,2.82384374595236,4.91892011046893,3.70321814412083,4.53431167012881,8.24194618692107,7.96511848317232,4.46705873169081,4.79657185402203,8.11873954472366,5.89932507178413,8.18231482767031,6.84488017215752,2.36775804020384,5.41241347052392,9.43427963082423,7.77736298273279,5.82025282206555,3.38308849278326,6.39019054431636,6.85377774278047,8.57312905051129,6.46953500076752,4.39161339528343,5.50676641976653,4.70011573351013,6.26770907788504,4.19086714015246,8.7684172402613,6.2590209381919,3.2416764248525,4.9313364236993,2.49494243733799,2.18940815883535,6.13202547554666,-1.87191590288741,3.70396949673553,2.62382282416179,5.46272806659562,4.84042127310538,3.01205066350808,7.50415159531775,6.64547869705397,2.08846675795407,4.1641055587961,4.67165702111183,4.00828541983983,6.33892189481252,3.36019387813599,2.06873770951593,5.84566892552489
"46",3.86973749839009,4.2918134779992,4.49713615569496,5.68565695914038,4.72604321881472,4.94793017996555,6.13271781265788,1.70906314544494,6.54540380625213,5.09212911242041,4.11218453753563,4.21976032394357,4.07498363047769,4.00608239821325,5.04387237569651,6.31067147019317,3.96161381011128,2.81264836761751,-3.15045049928758,4.40791346031329,4.34039328800329,3.02022202786344,3.87776233481443,7.25086653881329,6.88875426269972,3.01495245236768,6.43664486302093,5.73177746886241,4.54489818284038,5.05307915016382,5.23512132433594,4.73814154617095,6.61788157697631,1.50696294409103,8.47554885584847,7.21848111050658,2.36757784256824,2.69995865453373,4.02129255967324,4.92089622070448,4.94334266408643,6.70393817983039,2.73027399874216,4.0959615419718,5.16785611318147,7.65911825933448,3.25991846760697,3.95720456672337,6.5535283812548,1.94411334848129,3.73926921102793,5.6681247830851,3.60517823693268,7.0364318981189,0.141315007679565,5.27089563577716,9.15414072911855,9.17735124700422,8.21966341240227,7.65261510303619,2.99083977570148,2.82086996835878,8.49873544982759,5.82513430002561,5.79531583078348,3.6413391499257,4.33997182178225,6.00500518001213,4.99761659346199,5.79293127974312,3.761769600492,4.4609242446847,3.85312012404605,3.11606932626358,4.61977137442585,4.48479744759852,6.18749448759075,2.8460006609977,5.92445834380361,5.11903588935911,5.87232634439205,8.32681272342401,5.01458542064566,6.00039972805813,6.03841096349486,3.92700067228588,3.93479923949053,5.18663394560831,2.85885895720206,3.31169114915859,5.93333097090173,3.00154332810941,2.27858654483502,-0.554393032735067,5.74529999528925,5.03045523987922,4.67839854629029,7.42924171694223,4.573818513804,1.23656056245228
"47",5.20590857159192,5.83729684993468,4.36200823274621,3.02905732689077,3.57131847346347,2.48791773247005,4.09875780246485,6.57198301100594,2.62154553807959,3.47679043018821,4.22652934733079,5.03482842509089,4.67745331160391,5.65992247999623,1.79501712104399,1.6403905963953,3.87648049785398,2.51477245831283,6.68501784779951,6.21872365392376,0.85839995255067,8.77175289561819,4.29829899401608,6.84640294268093,5.5696970364809,5.3377680651111,-0.645387580860627,7.59469950710516,3.46661433525907,5.33542170902272,2.9215542114044,2.74659797938358,6.1261325007623,8.51118581558863,3.11384636950004,5.29648255055003,5.58042396591526,6.12873701164102,4.7235674710009,7.94252842094252,6.83173700947588,5.87098248627146,4.62467715241369,3.67597775139305,4.01587257008985,3.7819306445015,10.9051496686572,3.72103435366503,5.85891598884857,4.93009280377033,7.66596963268734,7.59356079293812,6.68675649728286,5.16387174173981,3.0311289230492,6.86243053122252,6.01362569904333,4.23062022652086,4.26628782141701,4.39111866932195,3.47246094493907,6.75799127971303,4.79490222387542,5.28177641726713,3.24559113655795,5.7601015147261,6.53166017723162,5.05849299764118,4.13511670674002,4.1850636732148,3.67072000351739,3.18020896659514,6.67179145103137,3.21511712588303,6.60104718036964,5.30297952469681,5.50634960973146,2.76104619322558,2.8074980986441,2.57631847154879,5.58837419393678,4.69283269173473,3.58428265603319,7.79697575339549,5.79248267775095,5.91866092969002,10.149702557484,4.81382903443093,4.53448537776784,4.28968896006417,0.515898606792962,5.12552347844926,7.44779462502489,5.46685778881509,4.74042445187976,4.36066303589122,4.86004780851565,3.62041372541952,4.6930149550423,4.81931182707028
"48",5.56304302636852,0.805128920164472,6.96688684972015,7.25542295090216,7.13082786572305,3.12862743975315,2.80423771770676,4.69414077813502,5.74424768091911,4.12271785685993,8.66396245500436,4.41761779393825,5.02887008999115,6.63407885028556,5.92303943746196,4.3290581945413,4.18052756421848,3.07945137371631,6.89280398699677,3.35304662393277,6.86968331566365,2.63739916726081,1.04032581572385,7.68373526921099,4.16664197525107,2.84940710850082,2.49651912581958,3.69523540572099,4.99661816939496,4.8943295871374,2.38249555569811,3.38812421037681,7.19035012702648,4.37391240005348,6.37838863395153,7.48109178127358,5.86399341840054,4.30184180495268,3.94744981930761,7.02343341008976,4.71762678438965,7.07699515671423,6.44353764331518,5.67251420390424,4.71165779361802,7.17821510063744,8.83508728845447,4.76150403373688,1.71065760686575,0.094486430791596,2.92094165265438,4.919279777365,6.8895254766493,5.6670248957527,4.82017813641361,3.36832916045353,6.2195988028958,5.69796138325008,5.24069331876812,5.12856136619177,5.85752763799047,8.21612091759205,5.66641665264725,4.90442763600025,3.96966475728633,5.47411177260588,6.72616092911304,4.45352526865997,3.22112563548817,3.01318680493314,6.90599504772786,1.93662777832553,8.62483293141593,3.46310569485354,5.72733597509056,6.26296765043064,4.42155879015336,8.41790993462136,6.1410700719722,4.21053176931763,4.68600594687558,6.1462275662061,4.26999899050563,5.12048009865037,3.70038021322217,6.75395146290902,1.95078072839643,4.94985875226295,7.57550747754969,3.4178612501119,7.98289372626606,3.94964197320231,3.74831421847642,3.33781739685371,3.92512413308463,3.38259931265845,6.12144087441704,2.6117070944921,4.92987250139247,6.91516908402603
"49",4.05113765255357,2.2590396382199,6.65648191196736,5.4596597027612,0.95936145827691,4.60662834041155,2.49078361973012,1.87397654647973,3.11195839059135,6.47013116490933,6.69063392912175,7.33160313380201,0.332752955220641,5.60510227006983,5.09693262861097,4.65870313417236,7.54004963885373,4.40754462303166,7.39612660056423,6.18629757319999,8.09967125976593,4.26896265502011,7.7204700349295,5.99748974761631,5.72150861183667,7.76063415449557,7.36851389806959,5.33136590381806,1.42659775332816,6.4338263443513,5.88081160708788,7.29744452329113,7.00809737009657,6.36215349693828,5.0901153701007,6.85123554486328,-0.282728724936502,3.57599066559872,4.38751451208787,1.9473212032256,1.89422839014228,4.81189215639874,5.89062238743509,5.70428967235786,1.56156566684158,4.72123433543974,3.70571171442083,3.53253233024313,5.10564729279332,6.76117845505542,1.98327932853152,7.26973978031013,7.33954496896431,2.44501185620175,6.75404996169448,7.46076960558722,6.01374202756183,6.77395486881105,8.15829422236804,4.87684517841397,5.43612373283239,6.95098391282931,6.63885885061833,8.5019176351496,5.33933260043867,3.80207480793986,5.7830229086724,6.03310073113348,6.04196787681173,3.96486646831382,7.53202194473169,6.00638120238825,6.01412655364793,5.62266860531082,4.85154308003304,3.41918657615322,8.65788478548878,3.24686166414354,2.48381957681702,3.4759217193664,6.70360360788503,5.18003577397097,3.50943894485989,5.87307919087976,3.96343409114801,3.916236913051,5.02227071606264,4.83694053041713,4.57267596997966,3.02029689222841,3.04213350006765,5.07080389738493,5.62084071505897,6.05902885003354,1.1160571265715,7.23529754267873,7.8360670710265,5.40113263191538,3.63804726486335,4.91578571607685
"50",4.0839915860062,3.63107428675307,5.76558773403228,6.83714110519687,6.01204045844986,5.28453734947833,9.31335784415631,2.86063011874396,3.78971861131883,6.26763347576624,5.66115418158491,9.86416458427124,4.35780184155058,4.69676004615947,3.72159319524837,1.98643226219842,6.01525931873854,6.40764443108445,3.86660027999125,6.23020542741048,2.73695587346235,4.40457523533283,3.80509815089024,2.8063880250102,5.03964937310043,5.71060007659619,9.51040535078687,5.25599289279542,2.49700847684961,4.28726139152554,1.77644093967111,4.34032210985207,5.67682968009411,5.69734180317614,4.16835441230916,5.57795376186007,1.89269656238375,3.63424547376252,6.39030744128544,4.30578527319707,1.01318937554628,2.0206111432633,4.18305232724311,1.83003133497504,3.57566800695702,6.79061423496261,4.98085698140347,4.78572728229264,6.90506783925797,6.8379655151047,3.82494992422975,2.57861222801149,6.59279469964214,6.61844397214689,3.95102374107198,1.1602066280815,3.53036349045645,4.57484836911953,7.90054823946505,7.69439132443257,3.42601907403794,5.18983951522162,7.05080578456355,5.42304986595474,6.6647007627484,7.1184768563842,1.25018607138154,8.582747203313,3.80140419966268,5.68764747144695,6.57692878446742,4.61241301567131,5.69378617895701,3.00023453958177,5.20236879841552,7.47988723539757,6.48244566460626,5.81792227694732,6.08198567818965,6.58258509407598,2.58499927358548,6.53359219781397,3.21109636971996,6.14903596221899,3.1311395249077,4.09508300262156,3.18845159946469,3.3021772628645,4.79947129530041,7.15989523460928,2.01776003207465,6.90013580909207,7.68250481808941,3.44310832629213,6.12186573872878,4.97669150201312,8.06459275009569,6.56354336927595,6.43573777608994,5.72641591734178
